latitude,longitude,time_rel,gpsspeed
38.003795,-122.27971,134038,68.99516385
38.004018,-122.279503,134039,68.98995551
38.004241,-122.279294,134040,68.96339332
38.004463,-122.279087,134041,68.92366173
38.004688,-122.278883,134042,68.87559667
38.004913,-122.278678,134043,68.82440596
38.005139,-122.278471,134044,68.77663704
38.005364,-122.278259,134045,68.73854021
38.005588,-122.278047,134046,68.71420836
38.005813,-122.277839,134047,68.70289794
38.006038,-122.277633,134048,68.69694535
38.006264,-122.277426,134049,68.68481766
38.006488,-122.277215,134050,68.65952061
38.006712,-122.277004,134051,68.62536952
38.006934,-122.276796,134052,68.59493859
38.007158,-122.27659,134053,68.57604017
38.007381,-122.276384,134054,68.56190357
38.007604,-122.276178,134055,68.53586235
38.007827,-122.275969,134056,68.48348192
38.00805,-122.275762,134057,68.39918169
38.008272,-122.275558,134058,68.28467283
38.008494,-122.275355,134059,68.14620535
38.008716,-122.275155,134060,67.99799061
38.008936,-122.274951,134061,67.86651697
38.009155,-122.274743,134062,67.78296031
38.009372,-122.274537,134063,67.76644268
38.009588,-122.274331,134064,67.81517816
38.009803,-122.274127,134065,67.91168143
38.010023,-122.273924,134066,68.03370535
38.010242,-122.273718,134067,68.16309527
38.010461,-122.27351,134068,68.28809535
38.010681,-122.273304,134069,68.39873521
38.010902,-122.2731,134070,68.48325869
38.011123,-122.272896,134071,68.53281181
38.011345,-122.272692,134072,68.55014786
38.011567,-122.272487,134073,68.55185911
38.011791,-122.272277,134074,68.55810897
38.012013,-122.272067,134075,68.57641217
38.012237,-122.271859,134076,68.59672428
38.01246,-122.271653,134077,68.60230459
38.012686,-122.271449,134078,68.58080205
38.012911,-122.271248,134079,68.52700805
38.013135,-122.271046,134080,68.43958293
38.013359,-122.270839,134081,68.3153272
38.013583,-122.270627,134082,68.15394341
38.013805,-122.270417,134083,67.97537205
38.014026,-122.27021,134084,67.82395829
38.014248,-122.270007,134085,67.74635394
38.014468,-122.269807,134086,67.76235069
38.014688,-122.269606,134087,67.85022244
38.014909,-122.269403,134088,67.9595972
38.015128,-122.269196,134089,68.04687363
38.015348,-122.268988,134090,68.09843561
38.015568,-122.268781,134091,68.12254228
38.015786,-122.268575,134092,68.13214024
38.016005,-122.26837,134093,68.13541396
38.016224,-122.268166,134094,68.13362827
38.016443,-122.267961,134095,68.1267087
38.016662,-122.267755,134096,68.12045878
38.016881,-122.267545,134097,68.12916428
38.017099,-122.267335,134098,68.17083127
38.017317,-122.267125,134099,68.25260257
38.017536,-122.266918,134100,68.36019222
38.017756,-122.266713,134101,68.46800478
38.017977,-122.26651,134102,68.55982008
38.018201,-122.266305,134103,68.63816829
38.018423,-122.2661,134104,68.71674017
38.018647,-122.265895,134105,68.8056545
38.018871,-122.265687,134106,68.90089289
38.019096,-122.265477,134107,68.98407714
38.019321,-122.265265,134108,69.03251419
38.019545,-122.265052,134109,69.03243979
38.01977,-122.26484,134110,68.9861607
38.019994,-122.264629,134111,68.9107152
38.02022,-122.264422,134112,68.83140032
38.020444,-122.264217,134113,68.77046273
38.020671,-122.264013,134114,68.73556608
38.020896,-122.263812,134115,68.71837737
38.021119,-122.263609,134116,68.6995519
38.021344,-122.263405,134117,68.65334595
38.021568,-122.263199,134118,68.55847983
38.021791,-122.262991,134119,68.41004279
38.022013,-122.262782,134120,68.21956734
38.022234,-122.262574,134121,68.01116024
38.022455,-122.262366,134122,67.81971707
38.022673,-122.262162,134123,67.68139841
38.02289,-122.261957,134124,67.6186003
38.023109,-122.261752,134125,67.63095127
38.023328,-122.26155,134126,67.6957582
38.023548,-122.261346,134127,67.78072918
38.02377,-122.26114,134128,67.86324458
38.023991,-122.260934,134129,67.93653317
38.024213,-122.26073,134130,68.00007415
38.024435,-122.260528,134131,68.05148699
38.024656,-122.260325,134132,68.08578697
38.024877,-122.26012,134133,68.0972451
38.025098,-122.259917,134134,68.08370366
38.025321,-122.259712,134135,68.05141254
38.02554,-122.259507,134136,68.0141364
38.025759,-122.259299,134137,67.98735118
38.025977,-122.259092,134138,67.98266382
38.026198,-122.258888,134139,68.00185996
38.026415,-122.258682,134140,68.03377905
38.026635,-122.258475,134141,68.06108509
38.026856,-122.258268,134142,68.07120394
38.02708,-122.258059,134143,68.06160592
38.027301,-122.257852,134144,68.0386153
38.027524,-122.257646,134145,68.01205329
38.027746,-122.257442,134146,67.98995543
38.027967,-122.257241,134147,67.97648834
38.028188,-122.257038,134148,67.97202411
38.028407,-122.256836,134149,67.97537228
38.028627,-122.256636,134150,67.98764887
38.028846,-122.256434,134151,68.01480618
38.029065,-122.256231,134152,68.06130863
38.029286,-122.256029,134153,68.11554938
38.029509,-122.255821,134154,68.15252858
38.029729,-122.255615,134155,68.15870432
38.029953,-122.255409,134156,68.14211199
38.030175,-122.2552,134157,68.11778129
38.030396,-122.254992,134158,68.09226022
38.030617,-122.254788,134159,68.06130808
38.030838,-122.254585,134160,68.02626401
38.03106,-122.254383,134161,68.0087792
38.031283,-122.254185,134162,68.03325825
38.031507,-122.253985,134163,68.09925517
38.031734,-122.253788,134164,68.18377937
38.031961,-122.25359,134165,68.26220282
38.032187,-122.253388,134166,68.3187513
38.032411,-122.253182,134167,68.3477697
38.032632,-122.252973,134168,68.35424311
38.03285,-122.252765,134169,68.3488861
38.033071,-122.25256,134170,68.33958567
38.033291,-122.252354,134171,68.32701118
38.033512,-122.252148,134172,68.30617714
38.033735,-122.251939,134173,68.27477697
38.033958,-122.251729,134174,68.2403259
38.034182,-122.251522,134175,68.21435716
38.034404,-122.251316,134176,68.20178189
38.034624,-122.251113,134177,68.19925185
38.034844,-122.250912,134178,68.19977272
38.035065,-122.250709,134179,68.19694545
38.035285,-122.250505,134180,68.18794267
38.035508,-122.250299,134181,68.17432687
38.03573,-122.250093,134182,68.1613063
38.035951,-122.249888,134183,68.15580046
38.036171,-122.249687,134184,68.1613063
38.03639,-122.249485,134185,68.17432687
38.036608,-122.249282,134186,68.18794267
38.036829,-122.249076,134187,68.19709427
38.037053,-122.248871,134188,68.20059123
38.037275,-122.248665,134189,68.20066563
38.037497,-122.248459,134190,68.20014481
38.03772,-122.248253,134191,68.20014481
38.037938,-122.248046,134192,68.20066563
38.038154,-122.247833,134193,68.20044242
38.038367,-122.247609,134194,68.19627582
38.038575,-122.247378,134195,68.18667774
38.038776,-122.247138,134196,68.17678208
38.03897,-122.24689,134197,68.17693127
38.039156,-122.246635,134198,68.19397078
38.039338,-122.246377,134199,68.22209689
38.039518,-122.246119,134200,68.24471671
38.039698,-122.24586,134201,68.24873449
38.039877,-122.245598,134202,68.23541507
38.04006,-122.245333,134203,68.2171846
38.040243,-122.24507,134204,68.20520451
38.040426,-122.244808,134205,68.1976894
38.04061,-122.244548,134206,68.18109749
38.040793,-122.244291,134207,68.14590479
38.040973,-122.244034,134208,68.10022114
38.041153,-122.243774,134209,68.06755806
38.041334,-122.243511,134210,68.07127856
38.041516,-122.24325,134211,68.11651692
38.041698,-122.242989,134212,68.18385386
38.041878,-122.242732,134213,68.24293212
38.042059,-122.242474,134214,68.27291785
38.04224,-122.242217,134215,68.27031362
38.042427,-122.24196,134216,68.24761942
38.042611,-122.241699,134217,68.22901733
38.042793,-122.241438,134218,68.23072822
38.042977,-122.241179,134219,68.23816897
38.043159,-122.240921,134220,68.21622028
38.043337,-122.240664,134221,68.14918236
38.04352,-122.240406,134222,68.06912329
38.043705,-122.240143,134223,68.03817094
38.043888,-122.239882,134224,68.0931559
38.044069,-122.239621,134225,68.21331946
38.044252,-122.239363,134226,68.34003056
38.044431,-122.239108,134227,68.4102683
38.044613,-122.23885,134228,68.38593765
38.044796,-122.23859,134229,68.27492574
38.044982,-122.238326,134230,68.12261951
38.045168,-122.238067,134231,67.99003059
38.045349,-122.237811,134232,67.93043235
38.045527,-122.237556,134233,67.95297637
38.045709,-122.237298,134234,68.01629386
38.045892,-122.23704,134235,68.07328706
38.046075,-122.23678,134236,68.10468538
38.046256,-122.23652,134237,68.11487867
38.046437,-122.236261,134238,68.11748278
38.046618,-122.236002,134239,68.12187255
38.046802,-122.23574,134240,68.12745273
38.046985,-122.235478,134241,68.13065203
38.047168,-122.235218,134242,68.13504213
38.04735,-122.234961,134243,68.15557849
38.047533,-122.234703,134244,68.21421025
38.047715,-122.234442,134245,68.32767809
38.047897,-122.234179,134246,68.48995505
38.04808,-122.233918,134247,68.66361576
38.048263,-122.233658,134248,68.80193438
38.048444,-122.233399,134249,68.88593775
38.048627,-122.233138,134250,68.93110167
38.048811,-122.232873,134251,68.96101218
38.048995,-122.232612,134252,68.98444931
38.049182,-122.232351,134253,68.99255929
38.049367,-122.232094,134254,68.97455365
38.049553,-122.231832,134255,68.9381703
38.04974,-122.231571,134256,68.90416784
38.049926,-122.231307,134257,68.88184673
38.050109,-122.231044,134258,68.86651963
38.050291,-122.230783,134259,68.85268064
38.050476,-122.230519,134260,68.83534442
38.050661,-122.230255,134261,68.80535883
38.050845,-122.229994,134262,68.74501543
38.051028,-122.229734,134263,68.63132358
38.051213,-122.229474,134264,68.46048938
38.051397,-122.229211,134265,68.26792987
38.05158,-122.228946,134266,68.10982034
38.05176,-122.228685,134267,68.02462742
38.051937,-122.228422,134268,68.0129459
38.052115,-122.228158,134269,68.0478412
38.052294,-122.227894,134270,68.10051891
38.052476,-122.227632,134271,68.15014606
38.052657,-122.227371,134272,68.16502654
38.052839,-122.227111,134273,68.08615762
38.053021,-122.22685,134274,67.8464262
38.053204,-122.226589,134275,67.41004338
38.053386,-122.22633,134276,66.79248497
38.053569,-122.226075,134277,66.05334883
38.053757,-122.225828,134278,65.2831854
38.053954,-122.225602,134279,64.58690548
38.054161,-122.225406,134280,64.0470986
38.054379,-122.225233,134281,63.68035728
38.054607,-122.225082,134282,63.43497034
38.054842,-122.224952,134283,63.24367583
38.055086,-122.224845,134284,63.0738099
38.055334,-122.224765,134285,62.92931597
38.055585,-122.224715,134286,62.83236659
38.05584,-122.224692,134287,62.79546171
38.056094,-122.224696,134288,62.76250017
38.056349,-122.224714,134289,62.59717256
38.056604,-122.224743,134290,62.18913672
38.056858,-122.224771,134291,61.5372766
38.057114,-122.224799,134292,60.70818441
38.057366,-122.224824,134293,59.78058028
38.057611,-122.224852,134294,58.7910713
38.057855,-122.224874,134295,57.68839265
38.058098,-122.224898,134296,56.44769319
38.058333,-122.224925,134297,55.19516346
38.058564,-122.224951,134298,54.10528261
38.058793,-122.224972,134299,53.27328869
38.059012,-122.224998,134300,52.69241085
38.059229,-122.22502,134301,52.23333357
38.05944,-122.225042,134302,51.73229191
38.059652,-122.225065,134303,51.12938997
38.059862,-122.225088,134304,50.4029015
38.060069,-122.225105,134305,49.47790101
38.060272,-122.225124,134306,48.34040061
38.060471,-122.225145,134307,47.15498385
38.060669,-122.225166,134308,46.21019242
38.060861,-122.225186,134309,45.73288629
38.061043,-122.225204,134310,45.70066935
38.061221,-122.225218,134311,45.87343726
38.0614,-122.225232,134312,46.03958286
38.061584,-122.225248,134313,46.17179976
38.061761,-122.225266,134314,46.33623401
38.061941,-122.225281,134315,46.48593629
38.062126,-122.225295,134316,46.37693336
38.062312,-122.225308,134317,45.73943353
38.062499,-122.225325,134318,44.56071359
38.06269,-122.225341,134319,43.20260393
38.062875,-122.225357,134320,42.22492588
38.063051,-122.225371,134321,42.05327443
38.063219,-122.225385,134322,42.75349764
38.063386,-122.225402,134323,44.03891398
38.063553,-122.225418,134324,45.48348191
38.063727,-122.225434,134325,46.77098135
38.0639,-122.225452,134326,47.7388381
38.064083,-122.225469,134327,48.30699277
38.064273,-122.225487,134328,48.52924003
38.064467,-122.225497,134329,48.60684466
38.064659,-122.225517,134330,48.729985
38.064855,-122.225534,134331,48.95282744
38.065051,-122.225548,134332,49.17098202
38.065246,-122.225565,134333,49.18519295
38.065449,-122.225583,134334,48.88861525
38.065649,-122.2256,134335,48.37150206
38.065847,-122.225618,134336,47.77529685
38.066042,-122.225635,134337,47.13846668
38.066237,-122.225653,134338,46.45349652
38.066428,-122.225673,134339,45.74635367
38.066617,-122.225699,134340,45.00468707
38.066804,-122.225734,134341,44.14821405
38.06698,-122.225782,134342,43.15974702
38.067156,-122.225837,134343,42.19747031
38.06733,-122.225889,134344,41.55111594
38.067494,-122.225946,134345,41.42633877
38.067652,-122.226006,134346,41.71212714
38.067804,-122.226078,134347,42.00505864
38.067956,-122.226165,134348,41.83159656
38.068111,-122.226258,134349,40.81356615
38.068266,-122.226347,134350,38.80372017
38.068421,-122.226435,134351,36.0293155
38.068573,-122.226518,134352,33.06346727
38.068712,-122.226597,134353,30.59933035
38.068712,-122.226597,134354,29.2104663
38.068712,-122.226597,134355,29.18276305
38.068838,-122.226663,134356,30.44017891
38.068948,-122.226724,134357,32.60699456
38.069017,-122.226784,134358,35.17135481
38.069084,-122.22684,134359,37.70550665
38.069192,-122.226888,134360,40.05131517
38.069308,-122.226937,134361,42.26624566
38.069438,-122.226998,134362,44.38125045
38.069581,-122.227065,134363,46.32061026
38.069732,-122.227137,134364,48.0566217
38.06989,-122.227215,134365,49.70304977
38.070056,-122.227299,134366,51.39129346
38.07023,-122.22739,134367,53.12202254
38.070411,-122.227482,134368,54.80907627
38.070594,-122.227579,134369,56.44069858
38.070781,-122.22768,134370,58.12209766
38.070975,-122.227794,134371,59.92566919
38.071172,-122.227926,134372,61.74077334
38.07137,-122.228069,134373,63.34940443
38.071566,-122.228226,134374,64.6472471
38.071765,-122.228394,134375,65.72261963
38.071972,-122.228569,134376,66.72418253
38.072186,-122.228749,134377,67.69107256
38.072406,-122.228932,134378,68.50193562
38.072629,-122.229114,134379,68.98541765
38.072856,-122.229296,134380,69.09315552
38.073088,-122.229479,134381,68.9648813
38.073325,-122.229661,134382,68.8427082
38.073567,-122.229844,134383,68.93831816
38.07381,-122.230026,134384,69.33437505
38.07405,-122.230204,134385,69.93311075
38.074291,-122.23038,134386,70.48318559
38.07453,-122.230556,134387,70.7101202
38.074772,-122.230735,134388,70.47693543
38.075013,-122.230916,134389,69.86592308
38.07526,-122.231099,134390,69.14203874
38.075508,-122.231282,134391,68.61785696
38.075762,-122.231457,134392,68.49092247
38.076015,-122.231623,134393,68.75647336
38.076267,-122.231777,134394,69.24084865
38.07652,-122.231919,134395,69.71741107
38.076773,-122.232055,134396,70.03169618
38.077028,-122.232183,134397,70.16130838
38.077288,-122.232301,134398,70.17901585
38.077551,-122.232413,134399,70.15914914
38.077822,-122.232516,134400,70.11361307
38.078097,-122.232608,134401,70.0202351
38.078374,-122.232694,134402,69.89419395
38.078648,-122.232781,134403,69.79880797
38.078922,-122.232864,134404,69.79233558
38.0792,-122.232938,134405,69.87633886
38.079478,-122.233004,134406,69.98638325
38.079757,-122.233062,134407,70.0396566
38.080035,-122.233113,134408,69.99352541
38.080315,-122.233157,134409,69.85245403
38.080601,-122.233192,134410,69.6476178
38.080885,-122.233221,134411,69.43057903
38.081169,-122.23324,134412,69.26316824
38.081451,-122.233255,134413,69.1896565
38.081731,-122.23326,134414,69.21376407
38.082006,-122.233267,134415,69.30111574
38.082282,-122.233266,134416,69.40208325
38.08256,-122.233258,134417,69.4773808
38.082841,-122.233244,134418,69.51287167
38.083118,-122.233226,134419,69.51882402
38.083396,-122.233201,134420,69.51994034
38.083675,-122.233167,134421,69.54330373
38.083955,-122.23312,134422,69.60580376
38.084232,-122.233073,134423,69.70104161
38.084508,-122.23302,134424,69.79300554
38.084784,-122.232957,134425,69.83668077
38.085059,-122.232889,134426,69.81651668
38.085333,-122.232819,134427,69.75766196
38.085605,-122.232741,134428,69.70178323
38.085879,-122.23265,134429,69.67469921
38.086149,-122.232554,134430,69.66621688
38.086416,-122.232453,134431,69.64240781
38.086683,-122.232344,134432,69.5819176
38.08695,-122.232233,134433,69.4926327
38.087216,-122.232119,134434,69.3936005
38.087483,-122.232002,134435,69.29166626
38.087749,-122.231886,134436,69.18273798
38.088012,-122.23177,134437,69.07321459
38.088278,-122.231655,134438,68.99256008
38.088541,-122.231541,134439,68.97931586
38.088806,-122.231422,134440,69.04761903
38.089069,-122.231308,134441,69.16607122
38.089333,-122.231195,134442,69.27879478
38.089595,-122.231077,134443,69.34650385
38.089856,-122.230964,134444,69.35974843
38.090121,-122.230855,134445,69.32306677
38.090386,-122.230741,134446,69.24442035
38.090651,-122.230631,134447,69.14047637
38.090918,-122.230526,134448,69.03965776
38.091186,-122.230427,134449,68.97120554
38.091455,-122.230337,134450,68.94642897
38.091725,-122.230255,134451,68.95617605
38.091996,-122.230182,134452,68.98616109
38.09227,-122.230116,134453,68.98630984
38.092542,-122.23006,134454,68.83883966
38.092818,-122.230015,134455,68.48898871
38.093093,-122.229978,134456,68.09881055
38.09337,-122.22994,134457,67.94092402
